program,using squares,squares,integer triples,vm rounds,rate,input_len,output_len,parties,global data,party 0 runtime,party 1 runtime,party 2 runtime,party 3 runtime,party 4 runtime,party 5 runtime,party 6 runtime,party 7 runtime,party 8 runtime,party 9 runtime,party 10 runtime,party 11 runtime,party 12 runtime,party 13 runtime,party 14 runtime,party 15 runtime,party 16 runtime,party 17 runtime,party 18 runtime,party 19 runtime,party 0 data,party 1 data,party 2 data,party 3 data,party 4 data,party 5 data,party 6 data,party 7 data,party 8 data,party 9 data,party 10 data,party 11 data,party 12 data,party 13 data,party 14 data,party 15 data,party 16 data,party 17 data,party 18 data,party 19 data,party 0 rounds,party 1 rounds,party 2 rounds,party 3 rounds,party 4 rounds,party 5 rounds,party 6 rounds,party 7 rounds,party 8 rounds,party 9 rounds,party 10 rounds,party 11 rounds,party 12 rounds,party 13 rounds,party 14 rounds,party 15 rounds,party 16 rounds,party 17 rounds,party 18 rounds,party 19 rounds,party 0 integer multiplications,party 1 integer multiplications,party 2 integer multiplications,party 3 integer multiplications,party 4 integer multiplications,party 5 integer multiplications,party 6 integer multiplications,party 7 integer multiplications,party 8 integer multiplications,party 9 integer multiplications,party 10 integer multiplications,party 11 integer multiplications,party 12 integer multiplications,party 13 integer multiplications,party 14 integer multiplications,party 15 integer multiplications,party 16 integer multiplications,party 17 integer multiplications,party 18 integer multiplications,party 19 integer multiplications,party 0 integer openings,party 1 integer openings,party 2 integer openings,party 3 integer openings,party 4 integer openings,party 5 integer openings,party 6 integer openings,party 7 integer openings,party 8 integer openings,party 9 integer openings,party 10 integer openings,party 11 integer openings,party 12 integer openings,party 13 integer openings,party 14 integer openings,party 15 integer openings,party 16 integer openings,party 17 integer openings,party 18 integer openings,party 19 integer openings,party 0 triples,party 1 triples,party 2 triples,party 3 triples,party 4 triples,party 5 triples,party 6 triples,party 7 triples,party 8 triples,party 9 triples,party 10 triples,party 11 triples,party 12 triples,party 13 triples,party 14 triples,party 15 triples,party 16 triples,party 17 triples,party 18 triples,party 19 triples,party 0 cpu time,party 1 cpu time,party 2 cpu time,party 3 cpu time,party 4 cpu time,party 5 cpu time,party 6 cpu time,party 7 cpu time,party 8 cpu time,party 9 cpu time,party 10 cpu time,party 11 cpu time,party 12 cpu time,party 13 cpu time,party 14 cpu time,party 15 cpu time,party 16 cpu time,party 17 cpu time,party 18 cpu time,party 19 cpu time
poseidon-2-0-encrypt,0,,720,577,2,4,4,2,103.03400000000006,1.05679845,1.0566689,,,,,,,,,,,,,,,,,,,51.5168,51.5168,,,,,,,,,,,,,,,,,,,1191.0,1188.0,,,,,,,,,,,,,,,,,,,1872.0,1872.0,,,,,,,,,,,,,,,,,,,1446.0,1446.0,,,,,,,,,,,,,,,,,,,720.0,720.0,,,,,,,,,,,,,,,,,,,0.7075139000000001,0.7053039999999999,,,,,,,,,,,,,,,,,,
poseidon-2-0-hash,0,,720,577,2,4,4,2,103.03299999999994,1.02620415,1.0260922499999998,,,,,,,,,,,,,,,,,,,51.5167,51.5167,,,,,,,,,,,,,,,,,,,1191.0,1188.0,,,,,,,,,,,,,,,,,,,1872.0,1872.0,,,,,,,,,,,,,,,,,,,1444.0,1444.0,,,,,,,,,,,,,,,,,,,720.0,720.0,,,,,,,,,,,,,,,,,,,0.7035566,0.69081575,,,,,,,,,,,,,,,,,,
poseidon-2-0-hash,0,,1200,961,2,8,4,2,171.71300000000008,1.8696960000000005,1.8695689999999998,,,,,,,,,,,,,,,,,,,85.85629999999998,85.85629999999998,,,,,,,,,,,,,,,,,,,1979.0,1974.0,,,,,,,,,,,,,,,,,,,3120.0,3120.0,,,,,,,,,,,,,,,,,,,2404.0,2404.0,,,,,,,,,,,,,,,,,,,1200.0,1200.0,,,,,,,,,,,,,,,,,,,1.1971795,1.1832399999999998,,,,,,,,,,,,,,,,,,
poseidon-2-0-hash,0,,288,193,4,4,4,2,41.24009999999999,0.4914524,0.49132904999999993,,,,,,,,,,,,,,,,,,,20.620099999999997,20.620099999999997,,,,,,,,,,,,,,,,,,,423.0,420.0,,,,,,,,,,,,,,,,,,,1056.0,1056.0,,,,,,,,,,,,,,,,,,,580.0,580.0,,,,,,,,,,,,,,,,,,,288.0,288.0,,,,,,,,,,,,,,,,,,,0.30468759999999995,0.29850715,,,,,,,,,,,,,,,,,,
poseidon-2-0-hash,0,,576,385,4,8,4,2,82.4357,0.8741814499999998,0.8741068999999999,,,,,,,,,,,,,,,,,,,41.217800000000004,41.217800000000004,,,,,,,,,,,,,,,,,,,807.0,804.0,,,,,,,,,,,,,,,,,,,2112.0,2112.0,,,,,,,,,,,,,,,,,,,1156.0,1156.0,,,,,,,,,,,,,,,,,,,576.0,576.0,,,,,,,,,,,,,,,,,,,0.59371165,0.5726903,,,,,,,,,,,,,,,,,,
hydra-encrypt,0,,193,140,,4,4,2,27.6513,0.29269775,0.29259005,,,,,,,,,,,,,,,,,,,13.825700000000003,13.825700000000003,,,,,,,,,,,,,,,,,,,317.0,314.0,,,,,,,,,,,,,,,,,,,602.0,602.0,,,,,,,,,,,,,,,,,,,390.0,390.0,,,,,,,,,,,,,,,,,,,193.0,193.0,,,,,,,,,,,,,,,,,,,0.18897875000000003,0.18678815,,,,,,,,,,,,,,,,,,
hydra-hash,0,,193,140,,4,4,2,27.6513,0.3423229,0.3422294,,,,,,,,,,,,,,,,,,,13.825700000000003,13.825700000000003,,,,,,,,,,,,,,,,,,,317.0,314.0,,,,,,,,,,,,,,,,,,,602.0,602.0,,,,,,,,,,,,,,,,,,,390.0,390.0,,,,,,,,,,,,,,,,,,,193.0,193.0,,,,,,,,,,,,,,,,,,,0.21176325000000001,0.21235774999999996,,,,,,,,,,,,,,,,,,
poseidon-2-0-encrypt,0,,1200,961,2,8,8,2,171.71300000000008,2.1230555000000004,2.1228689999999997,,,,,,,,,,,,,,,,,,,85.85639999999995,85.85639999999995,,,,,,,,,,,,,,,,,,,1981.0,1976.0,,,,,,,,,,,,,,,,,,,3120.0,3120.0,,,,,,,,,,,,,,,,,,,2410.0,2410.0,,,,,,,,,,,,,,,,,,,1200.0,1200.0,,,,,,,,,,,,,,,,,,,1.3447755000000001,1.3272100000000002,,,,,,,,,,,,,,,,,,
poseidon-2-0-hash,0,,1200,961,2,4,8,2,171.71300000000008,1.9614874999999998,1.961377,,,,,,,,,,,,,,,,,,,85.85650000000004,85.85650000000004,,,,,,,,,,,,,,,,,,,1979.0,1974.0,,,,,,,,,,,,,,,,,,,3120.0,3120.0,,,,,,,,,,,,,,,,,,,2408.0,2408.0,,,,,,,,,,,,,,,,,,,1200.0,1200.0,,,,,,,,,,,,,,,,,,,1.2633895,1.245692,,,,,,,,,,,,,,,,,,
poseidon-2-0-hash,0,,1680,1345,2,8,8,2,240.37199999999999,2.724892,2.7246645000000003,,,,,,,,,,,,,,,,,,,120.18599999999999,120.18599999999999,,,,,,,,,,,,,,,,,,,2747.0,2742.0,,,,,,,,,,,,,,,,,,,4368.0,4368.0,,,,,,,,,,,,,,,,,,,3368.0,3368.0,,,,,,,,,,,,,,,,,,,1680.0,1680.0,,,,,,,,,,,,,,,,,,,1.8177765000000001,1.8015250000000003,,,,,,,,,,,,,,,,,,
poseidon-2-0-hash,0,,576,385,4,4,8,2,82.43620000000003,0.9907710999999999,0.99062995,,,,,,,,,,,,,,,,,,,41.218100000000014,41.218100000000014,,,,,,,,,,,,,,,,,,,807.0,804.0,,,,,,,,,,,,,,,,,,,2112.0,2112.0,,,,,,,,,,,,,,,,,,,1160.0,1160.0,,,,,,,,,,,,,,,,,,,576.0,576.0,,,,,,,,,,,,,,,,,,,0.6500799999999999,0.6463377499999999,,,,,,,,,,,,,,,,,,
poseidon-2-0-hash,0,,864,577,4,8,8,2,123.63200000000003,1.3231065,1.3230215000000003,,,,,,,,,,,,,,,,,,,61.8158,61.8158,,,,,,,,,,,,,,,,,,,1191.0,1188.0,,,,,,,,,,,,,,,,,,,3168.0,3168.0,,,,,,,,,,,,,,,,,,,1736.0,1736.0,,,,,,,,,,,,,,,,,,,864.0,864.0,,,,,,,,,,,,,,,,,,,0.9230192,0.93269065,,,,,,,,,,,,,,,,,,
hydra-encrypt,0,,193,140,,8,8,2,27.651900000000005,0.31922079999999997,0.3191197,,,,,,,,,,,,,,,,,,,13.825899999999995,13.825899999999995,,,,,,,,,,,,,,,,,,,317.0,314.0,,,,,,,,,,,,,,,,,,,602.0,602.0,,,,,,,,,,,,,,,,,,,394.0,394.0,,,,,,,,,,,,,,,,,,,193.0,193.0,,,,,,,,,,,,,,,,,,,0.20541895000000002,0.20365390000000003,,,,,,,,,,,,,,,,,,
hydra-hash,0,,193,140,,4,8,2,27.651900000000005,0.3324199499999999,0.33230260000000006,,,,,,,,,,,,,,,,,,,13.825899999999995,13.825899999999995,,,,,,,,,,,,,,,,,,,317.0,314.0,,,,,,,,,,,,,,,,,,,602.0,602.0,,,,,,,,,,,,,,,,,,,394.0,394.0,,,,,,,,,,,,,,,,,,,193.0,193.0,,,,,,,,,,,,,,,,,,,0.21066605000000002,0.20852415,,,,,,,,,,,,,,,,,,
poseidon-2-0-encrypt,0,,2160,1729,2,16,16,2,309.05199999999996,3.4030584999999993,3.402924,,,,,,,,,,,,,,,,,,,154.52599999999998,154.52599999999998,,,,,,,,,,,,,,,,,,,3537.0,3530.0,,,,,,,,,,,,,,,,,,,5616.0,5616.0,,,,,,,,,,,,,,,,,,,4338.0,4338.0,,,,,,,,,,,,,,,,,,,2160.0,2160.0,,,,,,,,,,,,,,,,,,,2.2713735,2.219499,,,,,,,,,,,,,,,,,,
poseidon-2-0-hash,0,,2160,1729,2,4,16,2,309.05199999999996,3.4844240000000006,3.484285,,,,,,,,,,,,,,,,,,,154.52599999999998,154.52599999999998,,,,,,,,,,,,,,,,,,,3537.0,3530.0,,,,,,,,,,,,,,,,,,,5616.0,5616.0,,,,,,,,,,,,,,,,,,,4336.0,4336.0,,,,,,,,,,,,,,,,,,,2160.0,2160.0,,,,,,,,,,,,,,,,,,,2.2605519999999997,2.2317820000000004,,,,,,,,,,,,,,,,,,
poseidon-2-0-hash,0,,2640,2113,2,8,16,2,377.7110000000001,4.0406534999999995,4.040538000000001,,,,,,,,,,,,,,,,,,,188.855,188.855,,,,,,,,,,,,,,,,,,,4305.0,4298.0,,,,,,,,,,,,,,,,,,,6864.0,6864.0,,,,,,,,,,,,,,,,,,,5296.0,5296.0,,,,,,,,,,,,,,,,,,,2640.0,2640.0,,,,,,,,,,,,,,,,,,,2.8028664999999995,2.7409950000000003,,,,,,,,,,,,,,,,,,
poseidon-2-0-hash,0,,1152,769,4,4,16,2,164.84700000000007,1.8822944999999998,1.8821560000000002,,,,,,,,,,,,,,,,,,,82.42370000000003,82.42370000000003,,,,,,,,,,,,,,,,,,,1597.0,1592.0,,,,,,,,,,,,,,,,,,,4224.0,4224.0,,,,,,,,,,,,,,,,,,,2320.0,2320.0,,,,,,,,,,,,,,,,,,,1152.0,1152.0,,,,,,,,,,,,,,,,,,,1.1785799999999997,1.168262,,,,,,,,,,,,,,,,,,
poseidon-2-0-hash,0,,1440,961,4,8,16,2,206.04300000000006,2.2001774999999997,2.200066,,,,,,,,,,,,,,,,,,,103.02099999999999,103.02099999999999,,,,,,,,,,,,,,,,,,,1981.0,1976.0,,,,,,,,,,,,,,,,,,,5280.0,5280.0,,,,,,,,,,,,,,,,,,,2896.0,2896.0,,,,,,,,,,,,,,,,,,,1440.0,1440.0,,,,,,,,,,,,,,,,,,,1.471602,1.4603679999999997,,,,,,,,,,,,,,,,,,
hydra-encrypt,0,,234,141,,16,16,2,33.51670000000001,0.40583280000000005,0.40574889999999997,,,,,,,,,,,,,,,,,,,16.7583,16.7583,,,,,,,,,,,,,,,,,,,321.0,318.0,,,,,,,,,,,,,,,,,,,766.0,766.0,,,,,,,,,,,,,,,,,,,484.0,484.0,,,,,,,,,,,,,,,,,,,234.0,234.0,,,,,,,,,,,,,,,,,,,0.24308535000000003,0.23701840000000002,,,,,,,,,,,,,,,,,,
hydra-hash,0,,234,141,,4,16,2,33.51670000000001,0.4093378,0.40922315,,,,,,,,,,,,,,,,,,,16.7583,16.7583,,,,,,,,,,,,,,,,,,,321.0,318.0,,,,,,,,,,,,,,,,,,,766.0,766.0,,,,,,,,,,,,,,,,,,,484.0,484.0,,,,,,,,,,,,,,,,,,,234.0,234.0,,,,,,,,,,,,,,,,,,,0.2443955,0.23906140000000003,,,,,,,,,,,,,,,,,,
poseidon-2-0-encrypt,0,,4080,3265,2,32,32,2,583.7299999999998,7.016158999999999,7.016072000000001,,,,,,,,,,,,,,,,,,,291.8649999999999,291.8649999999999,,,,,,,,,,,,,,,,,,,6649.0,6638.0,,,,,,,,,,,,,,,,,,,10608.0,10608.0,,,,,,,,,,,,,,,,,,,8194.0,8194.0,,,,,,,,,,,,,,,,,,,4080.0,4080.0,,,,,,,,,,,,,,,,,,,4.589808,4.4631680000000005,,,,,,,,,,,,,,,,,,
poseidon-2-0-hash,0,,4080,3265,2,4,32,2,583.729,6.808474500000001,6.808307500000001,,,,,,,,,,,,,,,,,,,291.8649999999999,291.8649999999999,,,,,,,,,,,,,,,,,,,6649.0,6638.0,,,,,,,,,,,,,,,,,,,10608.0,10608.0,,,,,,,,,,,,,,,,,,,8192.0,8192.0,,,,,,,,,,,,,,,,,,,4080.0,4080.0,,,,,,,,,,,,,,,,,,,4.5378985,4.412576500000001,,,,,,,,,,,,,,,,,,
poseidon-2-0-hash,0,,4560,3649,2,8,32,2,652.3889999999998,7.1526440000000004,7.152485499999999,,,,,,,,,,,,,,,,,,,326.19400000000013,326.19400000000013,,,,,,,,,,,,,,,,,,,7417.0,7406.0,,,,,,,,,,,,,,,,,,,11856.0,11856.0,,,,,,,,,,,,,,,,,,,9152.0,9152.0,,,,,,,,,,,,,,,,,,,4560.0,4560.0,,,,,,,,,,,,,,,,,,,4.898784999999999,4.78155,,,,,,,,,,,,,,,,,,
poseidon-2-0-hash,0,,2304,1537,4,4,32,2,329.6499999999999,3.6913085000000003,3.691150999999999,,,,,,,,,,,,,,,,,,,164.82499999999996,164.82499999999996,,,,,,,,,,,,,,,,,,,3153.0,3146.0,,,,,,,,,,,,,,,,,,,8448.0,8448.0,,,,,,,,,,,,,,,,,,,4640.0,4640.0,,,,,,,,,,,,,,,,,,,2304.0,2304.0,,,,,,,,,,,,,,,,,,,2.4695445,2.4019855000000003,,,,,,,,,,,,,,,,,,
poseidon-2-0-hash,0,,2592,1729,4,8,32,2,370.84599999999983,4.222734999999999,4.222671499999999,,,,,,,,,,,,,,,,,,,185.42299999999992,185.42299999999992,,,,,,,,,,,,,,,,,,,3537.0,3530.0,,,,,,,,,,,,,,,,,,,9504.0,9504.0,,,,,,,,,,,,,,,,,,,5216.0,5216.0,,,,,,,,,,,,,,,,,,,2592.0,2592.0,,,,,,,,,,,,,,,,,,,2.8694514999999994,2.814422,,,,,,,,,,,,,,,,,,
hydra-encrypt,0,,316,143,,32,32,2,45.246999999999986,0.5298619,0.52974795,,,,,,,,,,,,,,,,,,,22.623499999999993,22.623499999999993,,,,,,,,,,,,,,,,,,,325.0,322.0,,,,,,,,,,,,,,,,,,,1326.0,1326.0,,,,,,,,,,,,,,,,,,,664.0,664.0,,,,,,,,,,,,,,,,,,,316.0,316.0,,,,,,,,,,,,,,,,,,,0.35429140000000003,0.35033115000000004,,,,,,,,,,,,,,,,,,
hydra-hash,0,,316,143,,4,32,2,45.246999999999986,0.54962455,0.54951625,,,,,,,,,,,,,,,,,,,22.623499999999993,22.623499999999993,,,,,,,,,,,,,,,,,,,325.0,322.0,,,,,,,,,,,,,,,,,,,1326.0,1326.0,,,,,,,,,,,,,,,,,,,664.0,664.0,,,,,,,,,,,,,,,,,,,316.0,316.0,,,,,,,,,,,,,,,,,,,0.3564385,0.3602537999999999,,,,,,,,,,,,,,,,,,
poseidon-2-0-encrypt,0,,7920,6337,2,64,64,2,1133.07,11.452885,11.45282,,,,,,,,,,,,,,,,,,,566.533,566.533,,,,,,,,,,,,,,,,,,,12853.0,12836.0,,,,,,,,,,,,,,,,,,,20592.0,20592.0,,,,,,,,,,,,,,,,,,,15906.0,15906.0,,,,,,,,,,,,,,,,,,,7920.0,7920.0,,,,,,,,,,,,,,,,,,,8.2022515,8.03567,,,,,,,,,,,,,,,,,,
poseidon-2-0-hash,0,,7920,6337,2,4,64,2,1133.06,11.338705,11.338620000000002,,,,,,,,,,,,,,,,,,,566.5319999999999,566.5319999999999,,,,,,,,,,,,,,,,,,,12853.0,12836.0,,,,,,,,,,,,,,,,,,,20592.0,20592.0,,,,,,,,,,,,,,,,,,,15904.0,15904.0,,,,,,,,,,,,,,,,,,,7920.0,7920.0,,,,,,,,,,,,,,,,,,,8.132776000000002,7.972598500000002,,,,,,,,,,,,,,,,,,
poseidon-2-0-hash,0,,8400,6721,2,8,64,2,1202.5999999999997,11.676750000000002,11.676604999999999,,,,,,,,,,,,,,,,,,,601.3009999999999,601.3009999999999,,,,,,,,,,,,,,,,,,,13641.0,13622.0,,,,,,,,,,,,,,,,,,,21840.0,21840.0,,,,,,,,,,,,,,,,,,,16864.0,16864.0,,,,,,,,,,,,,,,,,,,8400.0,8400.0,,,,,,,,,,,,,,,,,,,8.316235,8.139248,,,,,,,,,,,,,,,,,,
poseidon-2-0-hash,0,,4608,3073,4,4,64,2,659.5419999999999,6.485415999999999,6.485314000000001,,,,,,,,,,,,,,,,,,,329.77099999999996,329.77099999999996,,,,,,,,,,,,,,,,,,,6265.0,6254.0,,,,,,,,,,,,,,,,,,,16896.0,16896.0,,,,,,,,,,,,,,,,,,,9280.0,9280.0,,,,,,,,,,,,,,,,,,,4608.0,4608.0,,,,,,,,,,,,,,,,,,,4.530105999999999,4.416987000000001,,,,,,,,,,,,,,,,,,
poseidon-2-0-hash,0,,4896,3265,4,8,64,2,701.0239999999999,7.684285,7.684143999999998,,,,,,,,,,,,,,,,,,,350.51199999999994,350.51199999999994,,,,,,,,,,,,,,,,,,,6649.0,6638.0,,,,,,,,,,,,,,,,,,,17952.0,17952.0,,,,,,,,,,,,,,,,,,,9856.0,9856.0,,,,,,,,,,,,,,,,,,,4896.0,4896.0,,,,,,,,,,,,,,,,,,,5.383181,5.217737,,,,,,,,,,,,,,,,,,
hydra-encrypt,0,,480,147,,64,64,2,68.70759999999999,0.80279645,0.8027218000000002,,,,,,,,,,,,,,,,,,,34.35379999999999,34.35379999999999,,,,,,,,,,,,,,,,,,,333.0,330.0,,,,,,,,,,,,,,,,,,,3318.0,3318.0,,,,,,,,,,,,,,,,,,,1024.0,1024.0,,,,,,,,,,,,,,,,,,,480.0,480.0,,,,,,,,,,,,,,,,,,,0.5481924499999999,0.5142960999999999,,,,,,,,,,,,,,,,,,
hydra-hash,0,,480,147,,4,64,2,68.70759999999999,0.7894357000000001,0.7893670999999999,,,,,,,,,,,,,,,,,,,34.35379999999999,34.35379999999999,,,,,,,,,,,,,,,,,,,333.0,330.0,,,,,,,,,,,,,,,,,,,3318.0,3318.0,,,,,,,,,,,,,,,,,,,1024.0,1024.0,,,,,,,,,,,,,,,,,,,480.0,480.0,,,,,,,,,,,,,,,,,,,0.54185315,0.50201265,,,,,,,,,,,,,,,,,,
poseidon-2-0-encrypt,0,,720,577,2,4,4,3,308.9619999999999,1.7012270000000005,1.6999105,1.69776,,,,,,,,,,,,,,,,,,103.03400000000006,102.96399999999997,102.96399999999997,,,,,,,,,,,,,,,,,,2369.0,1210.0,1207.0,,,,,,,,,,,,,,,,,,1872.0,1872.0,1872.0,,,,,,,,,,,,,,,,,,1446.0,1446.0,1446.0,,,,,,,,,,,,,,,,,,720.0,720.0,720.0,,,,,,,,,,,,,,,,,,2.1547080000000003,2.1270084999999996,2.120215,,,,,,,,,,,,,,,,,
poseidon-2-0-hash,0,,720,577,2,4,4,3,308.9619999999999,2.0156495,2.013834,2.0141675,,,,,,,,,,,,,,,,,,103.03299999999994,102.96399999999997,102.96399999999997,,,,,,,,,,,,,,,,,,2369.0,1210.0,1207.0,,,,,,,,,,,,,,,,,,1872.0,1872.0,1872.0,,,,,,,,,,,,,,,,,,1444.0,1444.0,1444.0,,,,,,,,,,,,,,,,,,720.0,720.0,720.0,,,,,,,,,,,,,,,,,,2.4594595,2.425398,2.4297895,,,,,,,,,,,,,,,,,
poseidon-2-0-hash,0,,288,193,4,4,4,3,123.66499999999999,0.8891579499999999,0.8875817000000001,0.8862691,,,,,,,,,,,,,,,,,,41.24009999999999,41.2124,41.2124,,,,,,,,,,,,,,,,,,833.0,442.0,439.0,,,,,,,,,,,,,,,,,,1056.0,1056.0,1056.0,,,,,,,,,,,,,,,,,,580.0,580.0,580.0,,,,,,,,,,,,,,,,,,288.0,288.0,288.0,,,,,,,,,,,,,,,,,,1.0156038,1.0060954000000002,1.0044318500000002,,,,,,,,,,,,,,,,,
hydra-encrypt,0,,193,140,,4,4,3,82.9167,0.53411355,0.5326749,0.5316545500000001,,,,,,,,,,,,,,,,,,27.6513,27.6327,27.6327,,,,,,,,,,,,,,,,,,621.0,336.0,333.0,,,,,,,,,,,,,,,,,,602.0,602.0,602.0,,,,,,,,,,,,,,,,,,390.0,390.0,390.0,,,,,,,,,,,,,,,,,,193.0,193.0,193.0,,,,,,,,,,,,,,,,,,0.6028335,0.59402435,0.60030275,,,,,,,,,,,,,,,,,
hydra-hash,0,,193,140,,4,4,3,82.9167,0.54278955,0.5411582,0.54112265,,,,,,,,,,,,,,,,,,27.6513,27.6327,27.6327,,,,,,,,,,,,,,,,,,621.0,336.0,333.0,,,,,,,,,,,,,,,,,,602.0,602.0,602.0,,,,,,,,,,,,,,,,,,390.0,390.0,390.0,,,,,,,,,,,,,,,,,,193.0,193.0,193.0,,,,,,,,,,,,,,,,,,0.6195212499999999,0.5939393500000001,0.59101235,,,,,,,,,,,,,,,,,
poseidon-2-0-encrypt,0,,1200,961,2,8,8,3,514.908,3.0091685000000004,3.006989999999999,3.0060474999999998,,,,,,,,,,,,,,,,,,171.71300000000008,171.5970000000001,171.5970000000001,,,,,,,,,,,,,,,,,,3941.0,2010.0,2005.0,,,,,,,,,,,,,,,,,,3120.0,3120.0,3120.0,,,,,,,,,,,,,,,,,,2410.0,2410.0,2410.0,,,,,,,,,,,,,,,,,,1200.0,1200.0,1200.0,,,,,,,,,,,,,,,,,,3.5523324999999994,3.4577359999999997,3.4513849999999997,,,,,,,,,,,,,,,,,
poseidon-2-0-hash,0,,1200,961,2,4,8,3,514.908,3.108244,3.106667,3.1060465000000006,,,,,,,,,,,,,,,,,,171.71300000000008,171.59799999999998,171.59799999999998,,,,,,,,,,,,,,,,,,3939.0,2008.0,2003.0,,,,,,,,,,,,,,,,,,3120.0,3120.0,3120.0,,,,,,,,,,,,,,,,,,2408.0,2408.0,2408.0,,,,,,,,,,,,,,,,,,1200.0,1200.0,1200.0,,,,,,,,,,,,,,,,,,3.562537999999999,3.5151375000000002,3.490436999999999,,,,,,,,,,,,,,,,,
poseidon-2-0-hash,0,,576,385,4,4,8,3,247.19700000000006,1.386793,1.3853345,1.3839700000000001,,,,,,,,,,,,,,,,,,82.43620000000003,82.38059999999999,82.38059999999999,,,,,,,,,,,,,,,,,,1601.0,826.0,823.0,,,,,,,,,,,,,,,,,,2112.0,2112.0,2112.0,,,,,,,,,,,,,,,,,,1160.0,1160.0,1160.0,,,,,,,,,,,,,,,,,,576.0,576.0,576.0,,,,,,,,,,,,,,,,,,1.7429849999999998,1.7382530000000003,1.7140424999999997,,,,,,,,,,,,,,,,,
hydra-encrypt,0,,193,140,,8,8,3,82.91800000000005,0.5131896,0.5121424000000001,0.51060415,,,,,,,,,,,,,,,,,,27.651900000000005,27.633100000000006,27.633100000000006,,,,,,,,,,,,,,,,,,621.0,336.0,333.0,,,,,,,,,,,,,,,,,,602.0,602.0,602.0,,,,,,,,,,,,,,,,,,394.0,394.0,394.0,,,,,,,,,,,,,,,,,,193.0,193.0,193.0,,,,,,,,,,,,,,,,,,0.5722200499999999,0.5619650000000002,0.5679936499999999,,,,,,,,,,,,,,,,,
hydra-hash,0,,193,140,,4,8,3,82.91800000000005,0.48956985,0.48840675000000006,0.4868042,,,,,,,,,,,,,,,,,,27.651900000000005,27.633100000000006,27.633100000000006,,,,,,,,,,,,,,,,,,621.0,336.0,333.0,,,,,,,,,,,,,,,,,,602.0,602.0,602.0,,,,,,,,,,,,,,,,,,394.0,394.0,394.0,,,,,,,,,,,,,,,,,,193.0,193.0,193.0,,,,,,,,,,,,,,,,,,0.5622011,0.556061,0.54198355,,,,,,,,,,,,,,,,,
poseidon-2-0-encrypt,0,,2160,1729,2,16,16,3,926.7389999999999,5.1412685,5.139353000000002,5.1382905,,,,,,,,,,,,,,,,,,309.05199999999996,308.844,308.844,,,,,,,,,,,,,,,,,,7047.0,3576.0,3569.0,,,,,,,,,,,,,,,,,,5616.0,5616.0,5616.0,,,,,,,,,,,,,,,,,,4338.0,4338.0,4338.0,,,,,,,,,,,,,,,,,,2160.0,2160.0,2160.0,,,,,,,,,,,,,,,,,,6.186994500000001,6.072313,6.031574000000001,,,,,,,,,,,,,,,,,
poseidon-2-0-hash,0,,2160,1729,2,4,16,3,926.7389999999999,5.525208000000001,5.5229685,5.521400500000001,,,,,,,,,,,,,,,,,,309.05199999999996,308.844,308.844,,,,,,,,,,,,,,,,,,7047.0,3576.0,3569.0,,,,,,,,,,,,,,,,,,5616.0,5616.0,5616.0,,,,,,,,,,,,,,,,,,4336.0,4336.0,4336.0,,,,,,,,,,,,,,,,,,2160.0,2160.0,2160.0,,,,,,,,,,,,,,,,,,6.783297999999999,6.61265,6.6062575,,,,,,,,,,,,,,,,,
poseidon-2-0-hash,0,,1152,769,4,4,16,3,494.3199999999999,2.7648140000000003,2.763271,2.761546,,,,,,,,,,,,,,,,,,164.84700000000007,164.73599999999993,164.73599999999993,,,,,,,,,,,,,,,,,,3173.0,1626.0,1621.0,,,,,,,,,,,,,,,,,,4224.0,4224.0,4224.0,,,,,,,,,,,,,,,,,,2320.0,2320.0,2320.0,,,,,,,,,,,,,,,,,,1152.0,1152.0,1152.0,,,,,,,,,,,,,,,,,,3.3940605000000006,3.3278845000000006,3.3376265,,,,,,,,,,,,,,,,,
hydra-encrypt,0,,234,141,,16,16,3,100.50399999999996,0.5833212,0.5818658999999998,0.5815059499999999,,,,,,,,,,,,,,,,,,33.51670000000001,33.4937,33.4937,,,,,,,,,,,,,,,,,,627.0,340.0,337.0,,,,,,,,,,,,,,,,,,766.0,766.0,766.0,,,,,,,,,,,,,,,,,,484.0,484.0,484.0,,,,,,,,,,,,,,,,,,234.0,234.0,234.0,,,,,,,,,,,,,,,,,,0.69097935,0.68315375,0.6770692999999999,,,,,,,,,,,,,,,,,
hydra-hash,0,,234,141,,4,16,3,100.50399999999996,0.5718033000000001,0.5702211000000001,0.5684004,,,,,,,,,,,,,,,,,,33.51670000000001,33.4937,33.4937,,,,,,,,,,,,,,,,,,627.0,340.0,337.0,,,,,,,,,,,,,,,,,,766.0,766.0,766.0,,,,,,,,,,,,,,,,,,484.0,484.0,484.0,,,,,,,,,,,,,,,,,,234.0,234.0,234.0,,,,,,,,,,,,,,,,,,0.6893367499999999,0.6777974999999998,0.6833033000000001,,,,,,,,,,,,,,,,,
poseidon-2-0-encrypt,0,,720,577,2,4,4,5,1029.5099999999998,5.0074525,5.003862000000001,5.002937999999999,5.0027824999999995,4.998937,,,,,,,,,,,,,,,,206.067,205.85899999999998,205.85899999999998,205.85899999999998,205.85899999999998,,,,,,,,,,,,,,,,4725.0,1254.0,1251.0,1248.0,1245.0,,,,,,,,,,,,,,,,1872.0,1872.0,1872.0,1872.0,1872.0,,,,,,,,,,,,,,,,1446.0,1446.0,1446.0,1446.0,1446.0,,,,,,,,,,,,,,,,720.0,720.0,720.0,720.0,720.0,,,,,,,,,,,,,,,,6.103432,6.115508999999999,6.037718999999998,6.110461,6.117523999999999,,,,,,,,,,,,,,,
poseidon-2-0-hash,0,,720,577,2,4,4,5,1029.5,5.1828925,5.1774595,5.179182,5.177888,5.1736960000000005,,,,,,,,,,,,,,,,206.067,205.85899999999998,205.85899999999998,205.85899999999998,205.85899999999998,,,,,,,,,,,,,,,,4725.0,1254.0,1251.0,1248.0,1245.0,,,,,,,,,,,,,,,,1872.0,1872.0,1872.0,1872.0,1872.0,,,,,,,,,,,,,,,,1444.0,1444.0,1444.0,1444.0,1444.0,,,,,,,,,,,,,,,,720.0,720.0,720.0,720.0,720.0,,,,,,,,,,,,,,,,6.298793999999999,6.271815999999999,6.2556069999999995,6.273189,6.2248280000000005,,,,,,,,,,,,,,,
poseidon-2-0-hash,0,,288,193,4,4,4,5,412.0680000000001,2.1188709999999995,2.1150364999999995,2.1133245,2.1125065,2.1130949999999995,,,,,,,,,,,,,,,,82.48029999999997,82.39699999999999,82.39699999999999,82.39699999999999,82.39699999999999,,,,,,,,,,,,,,,,1653.0,486.0,483.0,480.0,477.0,,,,,,,,,,,,,,,,1056.0,1056.0,1056.0,1056.0,1056.0,,,,,,,,,,,,,,,,580.0,580.0,580.0,580.0,580.0,,,,,,,,,,,,,,,,288.0,288.0,288.0,288.0,288.0,,,,,,,,,,,,,,,,2.4019274999999998,2.452499,2.5034445000000005,2.5576849999999998,2.5529015000000004,,,,,,,,,,,,,,,
hydra-encrypt,0,,193,140,,4,4,5,276.29,1.4451205,1.4395755,1.4399495,1.438906,1.438801,,,,,,,,,,,,,,,,55.30269999999998,55.2467,55.2467,55.2467,55.2467,,,,,,,,,,,,,,,,1229.0,380.0,377.0,374.0,371.0,,,,,,,,,,,,,,,,602.0,602.0,602.0,602.0,602.0,,,,,,,,,,,,,,,,390.0,390.0,390.0,390.0,390.0,,,,,,,,,,,,,,,,193.0,193.0,193.0,193.0,193.0,,,,,,,,,,,,,,,,1.6736189999999997,1.716996,1.7183335000000004,1.7176945,1.7577820000000002,,,,,,,,,,,,,,,
hydra-hash,0,,193,140,,4,4,5,276.29,1.3626725,1.3568459999999998,1.357324,1.358991,1.3497395,,,,,,,,,,,,,,,,55.30269999999998,55.2467,55.2467,55.2467,55.2467,,,,,,,,,,,,,,,,1229.0,380.0,377.0,374.0,371.0,,,,,,,,,,,,,,,,602.0,602.0,602.0,602.0,602.0,,,,,,,,,,,,,,,,390.0,390.0,390.0,390.0,390.0,,,,,,,,,,,,,,,,193.0,193.0,193.0,193.0,193.0,,,,,,,,,,,,,,,,1.6255764999999998,1.639433,1.6748545,1.688346,1.7048485000000002,,,,,,,,,,,,,,,
poseidon-2-0-encrypt,0,,1200,961,2,8,8,5,1715.740000000001,8.274212,8.2696555,8.2694035,8.268818999999999,8.264850999999997,,,,,,,,,,,,,,,,343.42600000000016,343.07899999999995,343.07899999999995,343.07899999999995,343.07899999999995,,,,,,,,,,,,,,,,7861.0,2078.0,2073.0,2068.0,2063.0,,,,,,,,,,,,,,,,3120.0,3120.0,3120.0,3120.0,3120.0,,,,,,,,,,,,,,,,2410.0,2410.0,2410.0,2410.0,2410.0,,,,,,,,,,,,,,,,1200.0,1200.0,1200.0,1200.0,1200.0,,,,,,,,,,,,,,,,9.8580235,9.690059000000002,9.658700499999998,9.779823500000001,9.751571499999999,,,,,,,,,,,,,,,
poseidon-2-0-hash,0,,1200,961,2,4,8,5,1715.75,8.461936,8.457587,8.4574535,8.454537,8.451817499999999,,,,,,,,,,,,,,,,343.42600000000016,343.08,343.08,343.08,343.08,,,,,,,,,,,,,,,,7859.0,2076.0,2071.0,2066.0,2061.0,,,,,,,,,,,,,,,,3120.0,3120.0,3120.0,3120.0,3120.0,,,,,,,,,,,,,,,,2408.0,2408.0,2408.0,2408.0,2408.0,,,,,,,,,,,,,,,,1200.0,1200.0,1200.0,1200.0,1200.0,,,,,,,,,,,,,,,,9.916535,9.8328705,9.937936,9.896649,9.9091165,,,,,,,,,,,,,,,
poseidon-2-0-hash,0,,576,385,4,4,8,5,823.6949999999999,4.5504075,4.545856499999999,4.544558499999999,4.5442219999999995,4.542264499999999,,,,,,,,,,,,,,,,164.87199999999999,164.70600000000002,164.70600000000002,164.70600000000002,164.70600000000002,,,,,,,,,,,,,,,,3189.0,870.0,867.0,864.0,861.0,,,,,,,,,,,,,,,,2112.0,2112.0,2112.0,2112.0,2112.0,,,,,,,,,,,,,,,,1160.0,1160.0,1160.0,1160.0,1160.0,,,,,,,,,,,,,,,,576.0,576.0,576.0,576.0,576.0,,,,,,,,,,,,,,,,5.321886,5.2983115000000005,5.286277,5.351904000000001,5.4065315,,,,,,,,,,,,,,,
hydra-encrypt,0,,193,140,,8,8,5,276.293,1.642621,1.6384444999999999,1.6353625,1.6369979999999997,1.6347379999999998,,,,,,,,,,,,,,,,55.30370000000001,55.247399999999985,55.247399999999985,55.247399999999985,55.247399999999985,,,,,,,,,,,,,,,,1229.0,380.0,377.0,374.0,371.0,,,,,,,,,,,,,,,,602.0,602.0,602.0,602.0,602.0,,,,,,,,,,,,,,,,394.0,394.0,394.0,394.0,394.0,,,,,,,,,,,,,,,,193.0,193.0,193.0,193.0,193.0,,,,,,,,,,,,,,,,1.7935509999999997,1.7855425,1.7997509999999999,1.8214300000000005,1.8123090000000002,,,,,,,,,,,,,,,
hydra-hash,0,,193,140,,4,8,5,276.293,1.6842685,1.6780630000000003,1.679131,1.6766059999999996,1.6740145000000002,,,,,,,,,,,,,,,,55.30370000000001,55.247399999999985,55.247399999999985,55.247399999999985,55.247399999999985,,,,,,,,,,,,,,,,1229.0,380.0,377.0,374.0,371.0,,,,,,,,,,,,,,,,602.0,602.0,602.0,602.0,602.0,,,,,,,,,,,,,,,,394.0,394.0,394.0,394.0,394.0,,,,,,,,,,,,,,,,193.0,193.0,193.0,193.0,193.0,,,,,,,,,,,,,,,,1.7983094999999998,1.8346725000000004,1.8183845,1.8691795000000002,1.8518350000000001,,,,,,,,,,,,,,,
poseidon-2-0-encrypt,0,,2160,1729,2,16,16,5,3088.0199999999986,13.828695,13.823490000000001,13.822729999999998,13.822420000000003,13.819265000000001,,,,,,,,,,,,,,,,618.1039999999999,617.4799999999998,617.4799999999998,617.4799999999998,617.4799999999998,,,,,,,,,,,,,,,,14067.0,3668.0,3661.0,3654.0,3647.0,,,,,,,,,,,,,,,,5616.0,5616.0,5616.0,5616.0,5616.0,,,,,,,,,,,,,,,,4338.0,4338.0,4338.0,4338.0,4338.0,,,,,,,,,,,,,,,,2160.0,2160.0,2160.0,2160.0,2160.0,,,,,,,,,,,,,,,,16.185850000000002,16.119899999999994,16.303965,16.23191,16.35297,,,,,,,,,,,,,,,
poseidon-2-0-hash,0,,2160,1729,2,4,16,5,3088.0199999999986,15.272555,15.267255,15.268144999999999,15.26673,15.263205,,,,,,,,,,,,,,,,618.1029999999997,617.4799999999998,617.4799999999998,617.4799999999998,617.4799999999998,,,,,,,,,,,,,,,,14067.0,3668.0,3661.0,3654.0,3647.0,,,,,,,,,,,,,,,,5616.0,5616.0,5616.0,5616.0,5616.0,,,,,,,,,,,,,,,,4336.0,4336.0,4336.0,4336.0,4336.0,,,,,,,,,,,,,,,,2160.0,2160.0,2160.0,2160.0,2160.0,,,,,,,,,,,,,,,,17.391529999999996,17.308175,17.367505,17.549245,17.539614999999998,,,,,,,,,,,,,,,
poseidon-2-0-hash,0,,1152,769,4,4,16,5,1647.1399999999999,7.108584000000002,7.103619,7.103795500000001,7.103860500000001,7.103179000000002,,,,,,,,,,,,,,,,329.69499999999994,329.36099999999993,329.36099999999993,329.36099999999993,329.36099999999993,,,,,,,,,,,,,,,,6325.0,1694.0,1689.0,1684.0,1679.0,,,,,,,,,,,,,,,,4224.0,4224.0,4224.0,4224.0,4224.0,,,,,,,,,,,,,,,,2320.0,2320.0,2320.0,2320.0,2320.0,,,,,,,,,,,,,,,,1152.0,1152.0,1152.0,1152.0,1152.0,,,,,,,,,,,,,,,,8.866573,8.895,8.952848999999999,9.029538500000001,9.103042999999998,,,,,,,,,,,,,,,
hydra-encrypt,0,,234,141,,16,16,5,334.8909999999999,1.5248199999999998,1.5206459999999997,1.5193169999999998,1.5181675000000001,1.5192095000000003,,,,,,,,,,,,,,,,67.03330000000003,66.9644,66.9644,66.9644,66.9644,,,,,,,,,,,,,,,,1239.0,384.0,381.0,378.0,375.0,,,,,,,,,,,,,,,,766.0,766.0,766.0,766.0,766.0,,,,,,,,,,,,,,,,484.0,484.0,484.0,484.0,484.0,,,,,,,,,,,,,,,,234.0,234.0,234.0,234.0,234.0,,,,,,,,,,,,,,,,1.8971075,1.8823554999999998,1.9247165000000002,1.9562525000000004,1.9735085000000006,,,,,,,,,,,,,,,
hydra-hash,0,,234,141,,4,16,5,334.8909999999999,1.6037719999999998,1.6000055,1.5998765000000001,1.5984015,1.5970394999999997,,,,,,,,,,,,,,,,67.03330000000003,66.9644,66.9644,66.9644,66.9644,,,,,,,,,,,,,,,,1239.0,384.0,381.0,378.0,375.0,,,,,,,,,,,,,,,,766.0,766.0,766.0,766.0,766.0,,,,,,,,,,,,,,,,484.0,484.0,484.0,484.0,484.0,,,,,,,,,,,,,,,,234.0,234.0,234.0,234.0,234.0,,,,,,,,,,,,,,,,1.920156,1.9351345000000002,1.9485759999999999,1.9817014999999998,2.0157505000000002,,,,,,,,,,,,,,,
poseidon-2-0-encrypt,0,,720,577,2,4,4,10,4631.53,24.722365,24.692320000000002,24.701375000000002,24.684604999999998,24.70431,24.70894,24.699645,24.706635000000002,24.66264,24.67405,,,,,,,,,,,463.65199999999993,463.09699999999987,463.09699999999987,463.09699999999987,463.09699999999987,463.09699999999987,463.09699999999987,463.09699999999987,463.09699999999987,463.09699999999987,,,,,,,,,,,10615.0,1364.0,1361.0,1358.0,1355.0,1352.0,1349.0,1346.0,1343.0,1340.0,,,,,,,,,,,1872.0,1872.0,1872.0,1872.0,1872.0,1872.0,1872.0,1872.0,1872.0,1872.0,,,,,,,,,,,1446.0,1446.0,1446.0,1446.0,1446.0,1446.0,1446.0,1446.0,1446.0,1446.0,,,,,,,,,,,720.0,720.0,720.0,720.0,720.0,720.0,720.0,720.0,720.0,720.0,,,,,,,,,,,15.180294999999997,14.996545000000001,15.063095,15.337939999999998,15.185599999999999,15.063194999999999,15.222729999999999,15.445400000000001,15.157349999999997,15.13822,,,,,,,,,,
poseidon-2-0-hash,0,,720,577,2,4,4,10,4631.520000000002,17.45429,17.429824999999997,17.445370000000004,17.43824,17.44059,17.43825,17.43277,17.438665000000004,17.425425,17.43431,,,,,,,,,,,463.6499999999998,463.0959999999997,463.0959999999997,463.0959999999997,463.0959999999997,463.0959999999997,463.0959999999997,463.0959999999997,463.0959999999997,463.0959999999997,,,,,,,,,,,10615.0,1364.0,1361.0,1358.0,1355.0,1352.0,1349.0,1346.0,1343.0,1340.0,,,,,,,,,,,1872.0,1872.0,1872.0,1872.0,1872.0,1872.0,1872.0,1872.0,1872.0,1872.0,,,,,,,,,,,1444.0,1444.0,1444.0,1444.0,1444.0,1444.0,1444.0,1444.0,1444.0,1444.0,,,,,,,,,,,720.0,720.0,720.0,720.0,720.0,720.0,720.0,720.0,720.0,720.0,,,,,,,,,,,13.158885000000003,13.085164999999998,12.957564999999999,13.032169999999999,12.95602,12.905890000000003,12.94991,12.840179999999998,12.889215000000002,12.886010000000002,,,,,,,,,,
poseidon-2-0-hash,0,,288,193,4,4,4,10,1853.8100000000002,7.035567500000001,7.024748499999999,7.019705500000001,7.017574499999999,7.024522,7.018242000000001,7.027833000000001,7.0146585,7.018724999999999,7.021777500000001,,,,,,,,,,,185.58100000000002,185.35800000000006,185.35800000000006,185.35800000000006,185.35800000000006,185.35800000000006,185.35800000000006,185.35800000000006,185.35800000000006,185.35800000000006,,,,,,,,,,,3703.0,596.0,593.0,590.0,587.0,584.0,581.0,578.0,575.0,572.0,,,,,,,,,,,1056.0,1056.0,1056.0,1056.0,1056.0,1056.0,1056.0,1056.0,1056.0,1056.0,,,,,,,,,,,580.0,580.0,580.0,580.0,580.0,580.0,580.0,580.0,580.0,580.0,,,,,,,,,,,288.0,288.0,288.0,288.0,288.0,288.0,288.0,288.0,288.0,288.0,,,,,,,,,,,5.333008,5.3485689999999995,5.3416809999999995,5.414906500000001,5.348259999999999,5.3627139999999995,5.384404999999999,5.392788,5.403061,5.464353000000001,,,,,,,,,,
hydra-encrypt,0,,193,140,,4,4,10,1242.9700000000003,4.7030665,4.689092,4.687437000000001,4.691508000000001,4.696794000000001,4.6907175,4.696308499999999,4.687785,4.691234,4.690418,,,,,,,,,,,124.43100000000001,124.282,124.282,124.282,124.282,124.282,124.282,124.282,124.282,124.282,,,,,,,,,,,2749.0,490.0,487.0,484.0,481.0,478.0,475.0,472.0,469.0,466.0,,,,,,,,,,,602.0,602.0,602.0,602.0,602.0,602.0,602.0,602.0,602.0,602.0,,,,,,,,,,,390.0,390.0,390.0,390.0,390.0,390.0,390.0,390.0,390.0,390.0,,,,,,,,,,,193.0,193.0,193.0,193.0,193.0,193.0,193.0,193.0,193.0,193.0,,,,,,,,,,,3.554741,3.5353475000000003,3.6056385,3.5568785,3.602507,3.5542905000000005,3.595377,3.6101764999999992,3.581552,3.6707194999999997,,,,,,,,,,
hydra-hash,0,,193,140,,4,4,10,1242.9700000000003,4.6709285000000005,4.654812,4.6576605,4.648479999999999,4.661171,4.662056999999999,4.655841499999999,4.6489885,4.654054,4.6560635,,,,,,,,,,,124.43100000000001,124.282,124.282,124.282,124.282,124.282,124.282,124.282,124.282,124.282,,,,,,,,,,,2749.0,490.0,487.0,484.0,481.0,478.0,475.0,472.0,469.0,466.0,,,,,,,,,,,602.0,602.0,602.0,602.0,602.0,602.0,602.0,602.0,602.0,602.0,,,,,,,,,,,390.0,390.0,390.0,390.0,390.0,390.0,390.0,390.0,390.0,390.0,,,,,,,,,,,193.0,193.0,193.0,193.0,193.0,193.0,193.0,193.0,193.0,193.0,,,,,,,,,,,3.4927945,3.4979415000000005,3.54655,3.525521500000001,3.5549515,3.595664,3.5783595000000004,3.618649,3.5726240000000002,3.613913999999999,,,,,,,,,,
poseidon-2-0-encrypt,0,,1200,961,2,8,8,10,7718.76,26.829569999999997,26.816989999999993,26.81743,26.822369999999996,26.811030000000006,26.810090000000002,26.812284999999992,26.806765000000002,26.813965000000003,26.816659999999995,,,,,,,,,,,772.7080000000002,771.7839999999998,771.7839999999998,771.7839999999998,771.7839999999998,771.7839999999998,771.7839999999998,771.7839999999998,771.7839999999998,771.7839999999998,,,,,,,,,,,17661.0,2248.0,2243.0,2238.0,2233.0,2228.0,2223.0,2218.0,2213.0,2208.0,,,,,,,,,,,3120.0,3120.0,3120.0,3120.0,3120.0,3120.0,3120.0,3120.0,3120.0,3120.0,,,,,,,,,,,2410.0,2410.0,2410.0,2410.0,2410.0,2410.0,2410.0,2410.0,2410.0,2410.0,,,,,,,,,,,1200.0,1200.0,1200.0,1200.0,1200.0,1200.0,1200.0,1200.0,1200.0,1200.0,,,,,,,,,,,20.774494999999995,20.606685,20.51468,20.272835000000004,20.395359999999997,20.32871,20.099665000000005,20.39563,20.502185,20.369189999999996,,,,,,,,,,
poseidon-2-0-hash,0,,1200,961,2,4,8,10,7718.780000000001,28.11452,28.09907,28.10503,28.100714999999997,28.107194999999997,28.099899999999998,28.094565000000006,28.093750000000007,28.101210000000002,28.101080000000003,,,,,,,,,,,772.7090000000003,771.785,771.785,771.785,771.785,771.785,771.785,771.785,771.785,771.785,,,,,,,,,,,17659.0,2246.0,2241.0,2236.0,2231.0,2226.0,2221.0,2216.0,2211.0,2206.0,,,,,,,,,,,3120.0,3120.0,3120.0,3120.0,3120.0,3120.0,3120.0,3120.0,3120.0,3120.0,,,,,,,,,,,2408.0,2408.0,2408.0,2408.0,2408.0,2408.0,2408.0,2408.0,2408.0,2408.0,,,,,,,,,,,1200.0,1200.0,1200.0,1200.0,1200.0,1200.0,1200.0,1200.0,1200.0,1200.0,,,,,,,,,,,21.970875000000003,21.08557,21.348095000000008,21.456775,21.13965,21.001715,20.86915,21.540425,20.753049999999998,21.070505000000004,,,,,,,,,,
poseidon-2-0-hash,0,,576,385,4,4,8,10,3705.6299999999997,14.593634999999997,14.584060000000003,14.579920000000001,14.580519999999998,14.577550000000002,14.582225000000003,14.57706,14.569075000000003,14.578244999999999,14.57509,,,,,,,,,,,370.96299999999997,370.518,370.518,370.518,370.518,370.518,370.518,370.518,370.518,370.518,,,,,,,,,,,7159.0,980.0,977.0,974.0,971.0,968.0,965.0,962.0,959.0,956.0,,,,,,,,,,,2112.0,2112.0,2112.0,2112.0,2112.0,2112.0,2112.0,2112.0,2112.0,2112.0,,,,,,,,,,,1160.0,1160.0,1160.0,1160.0,1160.0,1160.0,1160.0,1160.0,1160.0,1160.0,,,,,,,,,,,576.0,576.0,576.0,576.0,576.0,576.0,576.0,576.0,576.0,576.0,,,,,,,,,,,11.174595,11.21005,11.205065,11.232061499999999,11.417419999999998,11.174611500000001,10.89043,11.043205000000002,10.994733499999999,11.107185,,,,,,,,,,
hydra-encrypt,0,,193,140,,8,8,10,1242.9799999999998,4.745520000000001,4.7344504999999995,4.725861,4.732429499999999,4.7347685,4.735313,4.736334999999999,4.7321295,4.732039000000001,4.7338439999999995,,,,,,,,,,,124.43300000000002,124.28299999999994,124.28299999999994,124.28299999999994,124.28299999999994,124.28299999999994,124.28299999999994,124.28299999999994,124.28299999999994,124.28299999999994,,,,,,,,,,,2749.0,490.0,487.0,484.0,481.0,478.0,475.0,472.0,469.0,466.0,,,,,,,,,,,602.0,602.0,602.0,602.0,602.0,602.0,602.0,602.0,602.0,602.0,,,,,,,,,,,394.0,394.0,394.0,394.0,394.0,394.0,394.0,394.0,394.0,394.0,,,,,,,,,,,193.0,193.0,193.0,193.0,193.0,193.0,193.0,193.0,193.0,193.0,,,,,,,,,,,3.571509,3.5959119999999998,3.5909699999999996,3.6271359999999992,3.5966430000000003,3.6343075,3.654628000000001,3.665243500000001,3.6956255,3.7045900000000005,,,,,,,,,,
hydra-hash,0,,193,140,,4,8,10,1242.9799999999998,4.712257500000001,4.6974409999999995,4.703859500000001,4.692493499999999,4.696325499999999,4.6958685000000004,4.694948000000001,4.692956000000001,4.693779,4.6946635,,,,,,,,,,,124.43300000000002,124.28299999999994,124.28299999999994,124.28299999999994,124.28299999999994,124.28299999999994,124.28299999999994,124.28299999999994,124.28299999999994,124.28299999999994,,,,,,,,,,,2749.0,490.0,487.0,484.0,481.0,478.0,475.0,472.0,469.0,466.0,,,,,,,,,,,602.0,602.0,602.0,602.0,602.0,602.0,602.0,602.0,602.0,602.0,,,,,,,,,,,394.0,394.0,394.0,394.0,394.0,394.0,394.0,394.0,394.0,394.0,,,,,,,,,,,193.0,193.0,193.0,193.0,193.0,193.0,193.0,193.0,193.0,193.0,,,,,,,,,,,3.532607,3.5249735000000006,3.5668675,3.5905275000000003,3.6070809999999995,3.596472,3.6120495,3.653052000000001,3.6460540000000004,3.69878,,,,,,,,,,
poseidon-2-0-encrypt,0,,2160,1729,2,16,16,10,13892.399999999998,47.916825,47.91137500000001,47.895535,47.911795000000005,47.905674999999995,47.90839000000001,47.897589999999994,47.90163,47.889635,47.905905000000004,,,,,,,,,,,1390.7299999999998,1389.07,1389.07,1389.07,1389.07,1389.07,1389.07,1389.07,1389.07,1389.07,,,,,,,,,,,31617.0,3898.0,3891.0,3884.0,3877.0,3870.0,3863.0,3856.0,3849.0,3842.0,,,,,,,,,,,5616.0,5616.0,5616.0,5616.0,5616.0,5616.0,5616.0,5616.0,5616.0,5616.0,,,,,,,,,,,4338.0,4338.0,4338.0,4338.0,4338.0,4338.0,4338.0,4338.0,4338.0,4338.0,,,,,,,,,,,2160.0,2160.0,2160.0,2160.0,2160.0,2160.0,2160.0,2160.0,2160.0,2160.0,,,,,,,,,,,36.07211000000001,35.81234500000001,35.653694999999985,35.507,35.19483999999999,35.152845,35.08637999999999,35.111819999999994,34.93989499999999,34.674995,,,,,,,,,,
poseidon-2-0-hash,0,,2160,1729,2,4,16,10,13892.399999999998,47.675915,47.659229999999994,47.668279999999996,47.66603,47.665454999999994,47.66946,47.662495,47.66014500000001,47.66642499999999,47.660700000000006,,,,,,,,,,,1390.7299999999998,1389.07,1389.07,1389.07,1389.07,1389.07,1389.07,1389.07,1389.07,1389.07,,,,,,,,,,,31617.0,3898.0,3891.0,3884.0,3877.0,3870.0,3863.0,3856.0,3849.0,3842.0,,,,,,,,,,,5616.0,5616.0,5616.0,5616.0,5616.0,5616.0,5616.0,5616.0,5616.0,5616.0,,,,,,,,,,,4336.0,4336.0,4336.0,4336.0,4336.0,4336.0,4336.0,4336.0,4336.0,4336.0,,,,,,,,,,,2160.0,2160.0,2160.0,2160.0,2160.0,2160.0,2160.0,2160.0,2160.0,2160.0,,,,,,,,,,,35.97012,35.577555000000004,35.52746499999999,35.554950000000005,35.318619999999996,35.008779999999994,35.002955,34.90072000000001,34.69871,34.70335500000001,,,,,,,,,,
poseidon-2-0-hash,0,,1152,769,4,4,16,10,7410.130000000002,25.831475,25.817245000000003,25.819074999999998,25.819219999999994,25.815085,25.813855,25.813555,25.817270000000008,25.821264999999993,25.817774999999994,,,,,,,,,,,741.813,740.9239999999996,740.9239999999996,740.9239999999996,740.9239999999996,740.9239999999996,740.9239999999996,740.9239999999996,740.9239999999996,740.9239999999996,,,,,,,,,,,14205.0,1864.0,1859.0,1854.0,1849.0,1844.0,1839.0,1834.0,1829.0,1824.0,,,,,,,,,,,4224.0,4224.0,4224.0,4224.0,4224.0,4224.0,4224.0,4224.0,4224.0,4224.0,,,,,,,,,,,2320.0,2320.0,2320.0,2320.0,2320.0,2320.0,2320.0,2320.0,2320.0,2320.0,,,,,,,,,,,1152.0,1152.0,1152.0,1152.0,1152.0,1152.0,1152.0,1152.0,1152.0,1152.0,,,,,,,,,,,19.861040000000003,19.69526,19.66934,19.652475000000003,19.593945000000005,19.662505,19.77356,19.816205000000004,19.561569999999996,19.82464,,,,,,,,,,
hydra-encrypt,0,,234,141,,16,16,10,1506.5999999999995,5.6416984999999995,5.630226500000001,5.631209499999999,5.618401,5.62111,5.615968499999999,5.627931,5.629726,5.6150605,5.627891999999999,,,,,,,,,,,150.82499999999996,150.64100000000002,150.64100000000002,150.64100000000002,150.64100000000002,150.64100000000002,150.64100000000002,150.64100000000002,150.64100000000002,150.64100000000002,,,,,,,,,,,2769.0,494.0,491.0,488.0,485.0,482.0,479.0,476.0,473.0,470.0,,,,,,,,,,,766.0,766.0,766.0,766.0,766.0,766.0,766.0,766.0,766.0,766.0,,,,,,,,,,,484.0,484.0,484.0,484.0,484.0,484.0,484.0,484.0,484.0,484.0,,,,,,,,,,,234.0,234.0,234.0,234.0,234.0,234.0,234.0,234.0,234.0,234.0,,,,,,,,,,,4.248792000000001,4.2487515,4.247912999999999,4.265112,4.308507499999999,4.276943,4.344729500000001,4.373307499999999,4.371094,4.372339,,,,,,,,,,
hydra-hash,0,,234,141,,4,16,10,1506.5999999999995,5.584658,5.572969500000001,5.5689494999999996,5.5702725,5.569320500000001,5.577588,5.575460999999999,5.570808,5.5655005,5.571525500000001,,,,,,,,,,,150.82499999999996,150.64100000000002,150.64100000000002,150.64100000000002,150.64100000000002,150.64100000000002,150.64100000000002,150.64100000000002,150.64100000000002,150.64100000000002,,,,,,,,,,,2769.0,494.0,491.0,488.0,485.0,482.0,479.0,476.0,473.0,470.0,,,,,,,,,,,766.0,766.0,766.0,766.0,766.0,766.0,766.0,766.0,766.0,766.0,,,,,,,,,,,484.0,484.0,484.0,484.0,484.0,484.0,484.0,484.0,484.0,484.0,,,,,,,,,,,234.0,234.0,234.0,234.0,234.0,234.0,234.0,234.0,234.0,234.0,,,,,,,,,,,4.208698,4.218273000000001,4.2209275,4.2954810000000005,4.319032499999999,4.295644000000001,4.2930285,4.3304825000000005,4.3020475,4.3780645,,,,,,,,,,
poseidon-2-0-encrypt,0,,720,577,2,4,4,15,10805.899999999998,50.14563,50.07885499999999,50.099219999999995,50.093749999999986,50.11181000000001,50.09674,50.075595,50.114959999999996,50.096615,50.08861999999999,50.077594999999995,50.068099999999994,50.09284500000001,50.10776999999999,50.07475000000001,,,,,,721.1209999999996,720.4500000000003,720.3349999999997,720.3349999999997,720.3349999999997,720.3349999999997,720.3349999999997,720.3349999999997,720.3349999999997,720.3349999999997,720.3349999999997,720.3349999999997,720.3349999999997,720.3349999999997,720.3349999999997,,,,,,16494.0,1485.0,1471.0,1468.0,1465.0,1462.0,1459.0,1456.0,1453.0,1450.0,1447.0,1444.0,1441.0,1438.0,1435.0,,,,,,1872.0,1872.0,1872.0,1872.0,1872.0,1872.0,1872.0,1872.0,1872.0,1872.0,1872.0,1872.0,1872.0,1872.0,1872.0,,,,,,1446.0,1446.0,1446.0,1446.0,1446.0,1446.0,1446.0,1446.0,1446.0,1446.0,1446.0,1446.0,1446.0,1446.0,1446.0,,,,,,720.0,720.0,720.0,720.0,720.0,720.0,720.0,720.0,720.0,720.0,720.0,720.0,720.0,720.0,720.0,,,,,,22.462995,22.504465000000003,22.379395,22.290715000000006,22.167255000000004,22.03021,22.138975,22.089505,22.118975,21.847235000000005,22.11934,21.90121,21.998314999999998,21.992354999999996,22.011165,,,,,
poseidon-2-0-hash,0,,720,577,2,4,4,15,10805.899999999998,50.772884999999995,50.67805499999999,50.73502,50.72113500000001,50.725015,50.71455000000001,50.71054499999999,50.73009,50.74506,50.72089999999999,50.708325,50.724945,50.685955,50.721725000000006,50.68199,,,,,,721.1190000000001,720.4490000000001,720.3340000000003,720.3340000000003,720.3340000000003,720.3340000000003,720.3340000000003,720.3340000000003,720.3340000000003,720.3340000000003,720.3340000000003,720.3340000000003,720.3340000000003,720.3340000000003,720.3340000000003,,,,,,16494.0,1485.0,1471.0,1468.0,1465.0,1462.0,1459.0,1456.0,1453.0,1450.0,1447.0,1444.0,1441.0,1438.0,1435.0,,,,,,1872.0,1872.0,1872.0,1872.0,1872.0,1872.0,1872.0,1872.0,1872.0,1872.0,1872.0,1872.0,1872.0,1872.0,1872.0,,,,,,1444.0,1444.0,1444.0,1444.0,1444.0,1444.0,1444.0,1444.0,1444.0,1444.0,1444.0,1444.0,1444.0,1444.0,1444.0,,,,,,720.0,720.0,720.0,720.0,720.0,720.0,720.0,720.0,720.0,720.0,720.0,720.0,720.0,720.0,720.0,,,,,,22.596299999999996,22.533924999999996,22.511585000000004,22.39131,22.261670000000002,22.266474999999996,22.370124999999998,22.033685000000002,22.368425,22.066320000000005,22.076960000000007,22.079349999999998,21.997715,21.87451,22.119314999999997,,,,,
poseidon-2-0-hash,0,,288,193,4,4,4,15,4325.160000000002,16.812995,16.76264,16.759319999999995,16.772165,16.776450000000004,16.773274999999995,16.754369999999998,16.769755000000004,16.74926,16.771810000000002,16.761924999999998,16.75132,16.77025,16.74725,16.749964999999996,,,,,,288.6350000000001,288.366,288.32,288.32,288.32,288.32,288.32,288.32,288.32,288.32,288.32,288.32,288.32,288.32,288.32,,,,,,5742.0,717.0,703.0,700.0,697.0,694.0,691.0,688.0,685.0,682.0,679.0,676.0,673.0,670.0,667.1,,,,,,1056.0,1056.0,1056.0,1056.0,1056.0,1056.0,1056.0,1056.0,1056.0,1056.0,1056.0,1056.0,1056.0,1056.0,1056.0,,,,,,580.0,580.0,580.0,580.0,580.0,580.0,580.0,580.0,580.0,580.0,580.0,580.0,580.0,580.0,580.0,,,,,,288.0,288.0,288.0,288.0,288.0,288.0,288.0,288.0,288.0,288.0,288.0,288.0,288.0,288.0,288.0,,,,,,8.737593,8.706464,8.708030500000001,8.7159015,8.631437,8.441822,8.615838499999999,8.604505999999997,8.5939065,8.5943055,8.5599005,8.521389,8.4772525,8.5219195,8.420017999999999,,,,,
hydra-encrypt,0,,193,140,,4,4,15,2900.0,11.15674,11.09907,11.114969999999998,11.112585,11.100939999999998,11.112624999999998,11.11736,11.114124999999998,11.118205,11.124689999999998,11.111279999999999,11.110275,11.100660000000001,11.08889,11.11299,,,,,,193.529,193.34799999999998,193.317,193.317,193.317,193.317,193.317,193.317,193.317,193.317,193.317,193.317,193.317,193.317,193.317,,,,,,4258.0,611.0,597.0,594.0,591.0,588.0,585.0,582.0,579.0,576.0,573.0,570.0,567.0,564.0,561.0,,,,,,602.0,602.0,602.0,602.0,602.0,602.0,602.0,602.0,602.0,602.0,602.0,602.0,602.0,602.0,602.0,,,,,,390.0,390.0,390.0,390.0,390.0,390.0,390.0,390.0,390.0,390.0,390.0,390.0,390.0,390.0,390.0,,,,,,193.0,193.0,193.0,193.0,193.0,193.0,193.0,193.0,193.0,193.0,193.0,193.0,193.0,193.0,193.0,,,,,,5.785503499999999,5.698021999999999,5.716915999999999,5.709585500000001,5.836091000000001,5.6823215,5.772301,5.7084255,5.821540499999999,5.653514499999999,5.678165000000001,5.629603999999999,5.7040765,5.713431,5.710994000000001,,,,,
hydra-hash,0,,193,140,,4,4,15,2900.0,11.460805,11.422769999999998,11.4216,11.416050000000002,11.43636,11.409875,11.428574999999999,11.421875,11.426454999999999,11.421085000000001,11.446470000000001,11.413050000000002,11.393225000000001,11.409125,11.40924,,,,,,193.529,193.34799999999998,193.317,193.317,193.317,193.317,193.317,193.317,193.317,193.317,193.317,193.317,193.317,193.317,193.317,,,,,,4258.0,611.0,597.0,594.0,591.0,588.0,585.0,582.0,579.0,576.0,573.0,570.0,567.0,564.0,561.0,,,,,,602.0,602.0,602.0,602.0,602.0,602.0,602.0,602.0,602.0,602.0,602.0,602.0,602.0,602.0,602.0,,,,,,390.0,390.0,390.0,390.0,390.0,390.0,390.0,390.0,390.0,390.0,390.0,390.0,390.0,390.0,390.0,,,,,,193.0,193.0,193.0,193.0,193.0,193.0,193.0,193.0,193.0,193.0,193.0,193.0,193.0,193.0,193.0,,,,,,5.935574500000001,5.8922609999999995,5.893904999999999,5.840885500000001,5.992691,5.844644,5.9441775,5.8920575,5.854525999999999,5.837990500000001,5.876740999999998,5.8072425,5.845260499999999,5.8304935,5.9744744999999995,,,,,
poseidon-2-0-encrypt,0,,1200,961,2,8,8,15,18008.799999999996,104.185025,104.13606,104.144755,104.157275,104.14473000000002,104.12777000000001,104.11998500000001,104.14532,104.140295,104.137095,104.13492000000001,104.161275,104.159205,104.14398000000001,104.11966500000003,,,,,,1201.7999999999997,1200.68,1200.4900000000005,1200.4900000000005,1200.4900000000005,1200.4900000000005,1200.4900000000005,1200.4900000000005,1200.4900000000005,1200.4900000000005,1200.4900000000005,1200.4900000000005,1200.4900000000005,1200.4900000000005,1200.4900000000005,,,,,,27439.0,2440.0,2413.0,2408.0,2403.0,2398.0,2393.0,2388.0,2383.0,2378.0,2373.0,2368.0,2363.0,2358.0,2353.0,,,,,,3120.0,3120.0,3120.0,3120.0,3120.0,3120.0,3120.0,3120.0,3120.0,3120.0,3120.0,3120.0,3120.0,3120.0,3120.0,,,,,,2410.0,2410.0,2410.0,2410.0,2410.0,2410.0,2410.0,2410.0,2410.0,2410.0,2410.0,2410.0,2410.0,2410.0,2410.0,,,,,,1200.0,1200.0,1200.0,1200.0,1200.0,1200.0,1200.0,1200.0,1200.0,1200.0,1200.0,1200.0,1200.0,1200.0,1200.0,,,,,,40.657805,39.90538499999999,40.27182,40.13622,39.814785,39.48919000000001,39.328095000000005,39.458555,39.03970999999999,39.034965,39.140825,39.05604500000001,38.85246000000001,38.4925,38.59767000000001,,,,,
poseidon-2-0-hash,0,,1200,961,2,4,8,15,18008.9,103.05244499999999,103.00711000000001,103.01626999999999,103.015145,103.01175999999998,103.01947499999999,102.99427,103.00813500000001,102.97512499999998,103.00869,102.98269,102.99745,102.98180500000001,102.99391500000002,102.988095,,,,,,1201.7999999999997,1200.68,1200.4900000000005,1200.4900000000005,1200.4900000000005,1200.4900000000005,1200.4900000000005,1200.4900000000005,1200.4900000000005,1200.4900000000005,1200.4900000000005,1200.4900000000005,1200.4900000000005,1200.4900000000005,1200.4900000000005,,,,,,27437.0,2438.0,2411.0,2406.0,2401.0,2396.0,2391.0,2386.0,2381.0,2376.0,2371.0,2366.0,2361.0,2356.0,2351.0,,,,,,3120.0,3120.0,3120.0,3120.0,3120.0,3120.0,3120.0,3120.0,3120.0,3120.0,3120.0,3120.0,3120.0,3120.0,3120.0,,,,,,2408.0,2408.0,2408.0,2408.0,2408.0,2408.0,2408.0,2408.0,2408.0,2408.0,2408.0,2408.0,2408.0,2408.0,2408.0,,,,,,1200.0,1200.0,1200.0,1200.0,1200.0,1200.0,1200.0,1200.0,1200.0,1200.0,1200.0,1200.0,1200.0,1200.0,1200.0,,,,,,40.07982,39.61105500000001,39.73846,39.02500499999999,39.193814999999994,39.159724999999995,39.19668999999999,38.799935,38.80471,38.7114,38.494820000000004,38.2278,38.329885000000004,38.191805,38.12817499999999,,,,,
poseidon-2-0-hash,0,,576,385,4,4,8,15,8645.69,38.757165,38.70726499999999,38.73969000000001,38.705315,38.726955,38.729775,38.738125,38.71517,38.698065,38.722075000000004,38.69927500000001,38.735609999999994,38.71778,38.69444000000001,38.709525,,,,,,576.961,576.423,576.331,576.331,576.331,576.331,576.331,576.331,576.331,576.331,576.331,576.331,576.331,576.331,576.331,,,,,,11118.0,1101.0,1087.0,1084.0,1081.0,1078.0,1075.0,1072.0,1069.0,1066.0,1063.0,1060.0,1057.0,1054.0,1051.0,,,,,,2112.0,2112.0,2112.0,2112.0,2112.0,2112.0,2112.0,2112.0,2112.0,2112.0,2112.0,2112.0,2112.0,2112.0,2112.0,,,,,,1160.0,1160.0,1160.0,1160.0,1160.0,1160.0,1160.0,1160.0,1160.0,1160.0,1160.0,1160.0,1160.0,1160.0,1160.0,,,,,,576.0,576.0,576.0,576.0,576.0,576.0,576.0,576.0,576.0,576.0,576.0,576.0,576.0,576.0,576.0,,,,,,17.70622,17.647925,17.418434999999995,17.43552,17.588555,17.517049999999998,17.475514999999994,17.697879999999994,17.227735000000003,17.327755000000003,17.199225000000006,17.310505,17.324460000000006,17.091875,17.087595,,,,,
hydra-encrypt,0,,193,140,,8,8,15,2900.0299999999993,11.200949999999997,11.173864999999997,11.156195000000002,11.177685,11.166209999999998,11.153740000000003,11.169075000000001,11.187055,11.16203,11.163745,11.162035,11.15597,11.16975,11.150540000000001,11.155835,,,,,,193.53200000000007,193.34999999999994,193.319,193.319,193.319,193.319,193.319,193.319,193.319,193.319,193.319,193.319,193.319,193.319,193.319,,,,,,4258.0,611.0,597.0,594.0,591.0,588.0,585.0,582.0,579.0,576.0,573.0,570.0,567.0,564.0,561.0,,,,,,602.0,602.0,602.0,602.0,602.0,602.0,602.0,602.0,602.0,602.0,602.0,602.0,602.0,602.0,602.0,,,,,,394.0,394.0,394.0,394.0,394.0,394.0,394.0,394.0,394.0,394.0,394.0,394.0,394.0,394.0,394.0,,,,,,193.0,193.0,193.0,193.0,193.0,193.0,193.0,193.0,193.0,193.0,193.0,193.0,193.0,193.0,193.0,,,,,,5.753422500000001,5.625145999999999,5.769051,5.77899,5.81133,5.7914935,5.843991000000001,5.829763,5.777397,5.819184,5.812287,5.775413499999999,5.604441,5.793647500000001,5.825582,,,,,
hydra-hash,0,,193,140,,4,8,15,2900.0299999999993,11.184325,11.165375,11.137915,11.150629999999998,11.135909999999999,11.166050000000002,11.139645000000002,11.147270000000002,11.151875000000002,11.145784999999998,11.15511,11.156379999999999,11.147369999999999,11.143384999999999,11.149885000000001,,,,,,193.53200000000007,193.34999999999994,193.319,193.319,193.319,193.319,193.319,193.319,193.319,193.319,193.319,193.319,193.319,193.319,193.319,,,,,,4258.0,611.0,597.0,594.0,591.0,588.0,585.0,582.0,579.0,576.0,573.0,570.0,567.0,564.0,561.0,,,,,,602.0,602.0,602.0,602.0,602.0,602.0,602.0,602.0,602.0,602.0,602.0,602.0,602.0,602.0,602.0,,,,,,394.0,394.0,394.0,394.0,394.0,394.0,394.0,394.0,394.0,394.0,394.0,394.0,394.0,394.0,394.0,,,,,,193.0,193.0,193.0,193.0,193.0,193.0,193.0,193.0,193.0,193.0,193.0,193.0,193.0,193.0,193.0,,,,,,5.795753,5.7335405,5.786031499999999,5.807628,5.7647960000000005,5.713913,5.7446295,5.698014,5.705707999999999,5.689824499999999,5.7606885,5.742119000000001,5.7223855,5.764892,5.818175999999999,,,,,
poseidon-2-0-encrypt,0,,2160,1729,2,16,16,15,32412.599999999988,248.95635000000001,248.90575000000004,248.90835,248.89120000000003,248.89129999999994,248.90999999999994,248.89909999999995,248.90015000000002,248.8828,248.90605,248.91135,248.90230000000003,248.88225000000003,248.89225000000002,248.90625,,,,,,2163.0199999999995,2161.0,2160.6600000000008,2160.6600000000008,2160.6600000000008,2160.6600000000008,2160.6600000000008,2160.6600000000008,2160.6600000000008,2160.6600000000008,2160.6600000000008,2160.6600000000008,2160.6600000000008,2160.6600000000008,2160.6600000000008,,,,,,49134.0,4161.0,4121.0,4114.0,4107.0,4100.0,4093.0,4086.0,4079.0,4072.0,4065.0,4058.0,4051.0,4044.0,4037.0,,,,,,5616.0,5616.0,5616.0,5616.0,5616.0,5616.0,5616.0,5616.0,5616.0,5616.0,5616.0,5616.0,5616.0,5616.0,5616.0,,,,,,4338.0,4338.0,4338.0,4338.0,4338.0,4338.0,4338.0,4338.0,4338.0,4338.0,4338.0,4338.0,4338.0,4338.0,4338.0,,,,,,2160.0,2160.0,2160.0,2160.0,2160.0,2160.0,2160.0,2160.0,2160.0,2160.0,2160.0,2160.0,2160.0,2160.0,2160.0,,,,,,81.468205,81.05002,80.24247,80.21827,80.193215,79.89129000000001,79.578015,79.37428500000001,79.114205,78.67836500000001,78.93441,77.81550999999999,77.92286000000001,78.07903999999999,77.61934000000001,,,,,
poseidon-2-0-hash,0,,2160,1729,2,4,16,15,32412.599999999988,237.70694999999995,237.64274999999998,237.65694999999997,237.6515,237.67105,237.61430000000001,237.6442,237.66729999999998,237.66895000000005,237.66649999999998,237.6515,237.62905,237.63995,237.61115000000004,237.60135000000005,,,,,,2163.0199999999995,2161.0,2160.6600000000008,2160.6600000000008,2160.6600000000008,2160.6600000000008,2160.6600000000008,2160.6600000000008,2160.6600000000008,2160.6600000000008,2160.6600000000008,2160.6600000000008,2160.6600000000008,2160.6600000000008,2160.6600000000008,,,,,,49134.0,4161.0,4121.0,4114.0,4107.0,4100.0,4093.0,4086.0,4079.0,4072.0,4065.0,4058.0,4051.0,4044.0,4037.0,,,,,,5616.0,5616.0,5616.0,5616.0,5616.0,5616.0,5616.0,5616.0,5616.0,5616.0,5616.0,5616.0,5616.0,5616.0,5616.0,,,,,,4336.0,4336.0,4336.0,4336.0,4336.0,4336.0,4336.0,4336.0,4336.0,4336.0,4336.0,4336.0,4336.0,4336.0,4336.0,,,,,,2160.0,2160.0,2160.0,2160.0,2160.0,2160.0,2160.0,2160.0,2160.0,2160.0,2160.0,2160.0,2160.0,2160.0,2160.0,,,,,,79.759345,79.812125,79.54622499999999,79.16542,78.99551,78.75485499999999,77.85000999999998,78.597185,77.91671,78.35659999999999,77.43823,76.99563500000001,76.93606500000001,76.50037,76.60056999999999,,,,,
poseidon-2-0-hash,0,,1152,769,4,4,16,15,17288.700000000004,96.68618000000001,96.59684000000001,96.61186,96.616065,96.66104500000002,96.65801,96.618615,96.64936999999998,96.64856,96.61636999999999,96.63691,96.61322000000001,96.63264500000001,96.61175,96.61062999999999,,,,,,1153.75,1152.6699999999996,1152.4900000000002,1152.4900000000002,1152.4900000000002,1152.4900000000002,1152.4900000000002,1152.4900000000002,1152.4900000000002,1152.4900000000002,1152.4900000000002,1152.4900000000002,1152.4900000000002,1152.4900000000002,1152.4900000000002,,,,,,22063.0,2056.0,2029.0,2024.0,2019.0,2014.0,2009.0,2004.0,1999.0,1994.0,1989.0,1984.0,1979.0,1974.0,1969.0,,,,,,4224.0,4224.0,4224.0,4224.0,4224.0,4224.0,4224.0,4224.0,4224.0,4224.0,4224.0,4224.0,4224.0,4224.0,4224.0,,,,,,2320.0,2320.0,2320.0,2320.0,2320.0,2320.0,2320.0,2320.0,2320.0,2320.0,2320.0,2320.0,2320.0,2320.0,2320.0,,,,,,1152.0,1152.0,1152.0,1152.0,1152.0,1152.0,1152.0,1152.0,1152.0,1152.0,1152.0,1152.0,1152.0,1152.0,1152.0,,,,,,37.84699500000001,37.363620000000004,37.66945,37.43926999999999,37.554469999999995,37.10244,37.73674,36.865435,36.760405000000006,36.98376999999999,36.612849999999995,36.524895,36.46572,36.541354999999996,36.51747,,,,,
hydra-encrypt,0,,234,141,,16,16,15,3515.0700000000006,13.515569999999997,13.47512,13.488684999999998,13.486320000000001,13.458425,13.477549999999999,13.45548,13.462444999999999,13.464035,13.471519999999998,13.476170000000002,13.477355,13.484099999999998,13.475095,13.471185000000006,,,,,,234.57900000000004,234.35499999999993,234.31800000000013,234.31800000000013,234.31800000000013,234.31800000000013,234.31800000000013,234.31800000000013,234.31800000000013,234.31800000000013,234.31800000000013,234.31800000000013,234.31800000000013,234.31800000000013,234.31800000000013,,,,,,4288.0,615.0,601.0,598.0,595.0,592.0,589.0,586.0,583.0,580.0,577.0,574.0,571.0,568.0,565.0,,,,,,766.0,766.0,766.0,766.0,766.0,766.0,766.0,766.0,766.0,766.0,766.0,766.0,766.0,766.0,766.0,,,,,,484.0,484.0,484.0,484.0,484.0,484.0,484.0,484.0,484.0,484.0,484.0,484.0,484.0,484.0,484.0,,,,,,234.0,234.0,234.0,234.0,234.0,234.0,234.0,234.0,234.0,234.0,234.0,234.0,234.0,234.0,234.0,,,,,,6.923095999999999,6.809688000000001,6.794634,6.858604,6.8583585,6.708835999999998,6.9198335,6.884278499999999,6.689369000000001,6.787100000000001,6.6559585,6.794615500000001,6.890322499999999,6.735404499999999,6.775968499999999,,,,,
hydra-hash,0,,234,141,,4,16,15,3515.0700000000006,13.412325,13.361035000000001,13.382185000000002,13.370524999999997,13.382825,13.3739,13.38209,13.37319,13.383825000000002,13.389835000000001,13.369219999999999,13.375020000000003,13.374035000000001,13.389175,13.36888,,,,,,234.57900000000004,234.35499999999993,234.31800000000013,234.31800000000013,234.31800000000013,234.31800000000013,234.31800000000013,234.31800000000013,234.31800000000013,234.31800000000013,234.31800000000013,234.31800000000013,234.31800000000013,234.31800000000013,234.31800000000013,,,,,,4288.0,615.0,601.0,598.0,595.0,592.0,589.0,586.0,583.0,580.0,577.0,574.0,571.0,568.0,565.0,,,,,,766.0,766.0,766.0,766.0,766.0,766.0,766.0,766.0,766.0,766.0,766.0,766.0,766.0,766.0,766.0,,,,,,484.0,484.0,484.0,484.0,484.0,484.0,484.0,484.0,484.0,484.0,484.0,484.0,484.0,484.0,484.0,,,,,,234.0,234.0,234.0,234.0,234.0,234.0,234.0,234.0,234.0,234.0,234.0,234.0,234.0,234.0,234.0,,,,,,6.9628214999999996,6.9375029999999995,6.940006999999999,6.793771000000001,6.8523415,6.846952499999999,6.901006,6.781514,6.8354680000000005,6.7807309999999985,7.0371250000000005,6.9394635000000005,6.862807500000001,6.876798000000001,6.926767499999999,,,,,
poseidon-2-0-hash,0,,4560,3649,2,8,32,2,652.3889999999998,6.3371949999999995,6.3370695,,,,,,,,,,,,,,,,,,,326.19400000000013,326.19400000000013,,,,,,,,,,,,,,,,,,,7417.0,7406.0,,,,,,,,,,,,,,,,,,,11856.0,11856.0,,,,,,,,,,,,,,,,,,,9152.0,9152.0,,,,,,,,,,,,,,,,,,,4560.0,4560.0,,,,,,,,,,,,,,,,,,,4.456344999999999,4.384404,,,,,,,,,,,,,,,,,,
